{"mean_reward": 253.70015621595658, "std_reward": 13.753841818514797, "is_deterministic": true, "n_eval_episodes": 10, "eval_datetime": "2025-01-08T12:31:32.020322"}